陈楠 ,35
白发全 ,32
陈晓佳 ,30
陈倩 ,31
曹忠荣 ,37
曹缘 ,23
曹硕 ,27
曾珍 ,25
陈定 ,26
陈颖 ,41
陈若琳 ,26
德娇娇 ,28
谌龙 ,29
杜丽 ,36
多布杰 ,24
柴飚 ,28
丁彦雨航 ,25
丁宁 ,28
邓薇 ,25
冯彬 ,24
董栋 ,29
董国建 ,31
葛曼棋 ,21
高颂 ,26
傅园慧 ,22
傅海峰 ,34
冯珊珊 ,29
郭文B ,34
郭艾伦 ,25
宫磊 ,35
华天 ,29
华绍青 ,24
黄雪辰 ,28
何雯娜 ,29
宫金杰 ,32
黄红枇 ,29
何健彬 ,25
顾笑 ,25
何姿 ,28
高兴龙 ,24
韩玉成 ,40
黄文仪 ,27
黄思静 ,22
惠若琪 ,27
胡斌渊 ,41
黄常洲 ,24
黄博凯 ,22
孔令微 ,23
李慕豪 ,26
刘诗颖 ,25
李小红 ,23
梁小静 ,21
雷声 ,34
李晓霞 ,30
李珊珊 ,31
李丹 ,29
李强 ,29
龙清泉 ,28
林丹 ,35
梁馨枰 ,24
林永庆 ,26
刘虹 ,31
李响 ,25
吕秀芝 ,25
林俊红 ,28
李冬晓 ,31
李玲[2] ,29
刘海萍 ,30
林跃 ,27
吕会会 ,29
李红侠 ,32
李玲蔚 ,29
陆滢 ,29
露雯 ,28
梁美玉 ,24
李雪芮 ,27
马龙 ,30
吕小军 ,34
李昊桐 ,23
马欢欢 ,28
马晋 ,30
莫有雪 ,30
宁泽涛 ,25
切阳什姐 ,28
彭帅 ,32
庞伟 ,32
邱波 ,25
彭林 ,23
彭杨 ,26
秦凯 ,32
苏欣悦 ,27
任梦茜 ,25
沈晨 ,28
任文君 ,26
任灿灿 ,30
舒思瑶 ,26
苏炳添 ,29
孙杨 ,27
孙雅婷 ,30
宋冬伦 ,27
宋清龄 ,32
孙梦然 ,26
孙梦昕 ,25
孙文雁 ,29
孙玉洁 ,26
王宇 ,27
睢冉 ,26
唐奕 ,25
唐功臣 ,29
汤星强 ,23
吴静钰 ,31
王春雨 ,23
汤梦妮 ,24
王凯华 ,24
王振东 ,27
吴水娇 ,27
吴迪 ,28
王镇 ,27
魏宁 ,36
王梦雨 ,26
王智伟 ,30
吴敏霞 ,33
王铁鑫 ,29
汪顺 ,24
王哲林 ,24
王峥 ,31
王爱忱 ,33
王晓丽 ,36
王歆艳 ,27
王施佳 ,25
徐晓龙 ,26
许昕 ,28
魏秋月 ,30
徐莉佳 ,31
王仪涵 ,30
邢宇 ,27
谢震业 ,25
辛鑫 ,22
许安琪 ,26
王嘉男 ,30
徐云丽 ,31
于伟 ,31
袁琦琦 ,23
徐晨 ,34
岳超 ,27
杨洋 ,27
谢文骏 ,28
薛长锐 ,27
尹成昕 ,23
杨B ,30
颜妮 ,29
余成刚 ,34
于洋 ,32
易思玲 ,29
叶诗文 ,22
易建联 ,31
张继科 ,30
朱仁学 ,27
张成龙 ,29
张航 ,27
张新艳 ,24
周鹏 ,29
周玉 ,29
张文秀 ,32
张| ,28
张帅 ,29
赵子涵 ,25
赵玉雕 ,29
朱启南 ,34
张薇薇 ,28
张国伟 ,27
张楠 ,28
朱韦伟 ,28
张培萌 ,31
赵芸蕾 ,32
周琦 ,22
翟晓川 ,25
赵继伟 ,23
邹雨宸 ,22
